Target,Test_R2
Posterior_P(C),0.6298169683919497
Belief_C0,0.9574086455326222
Belief_C1,0.9582075167439168
Belief_C2,0.8503626509261059
